accuracy,precisionByLabel,recallByLabel,f1,confusion_matrix
0.6114749152602531,0.6116490442320986,0.5142492404684135,0.6008550030999968,"[[144214.  76359.  59863.]
 [ 75238. 121531.  59659.]
 [ 16327.  19056. 216639.]]"
