accuracy,precisionByLabel,recallByLabel,f1,confusion_matrix
0.6101996993228426,0.6069768606213336,0.5187600735996805,0.5995073540179472,"[[145479.  74825.  60132.]
 [ 76931. 119797.  59700.]
 [ 17268.  18652. 216102.]]"
