rmse,mse,r2,mae,var
34.855769420607366,1214.9246619025475,-0.34965709759588504,26.46393647800303,449.95640134153507
