rmse,mse,r2,mae,var
26.742404176070792,715.1561811163286,0.404230772909707,19.97423806732974,465.8283212009894
