rmse,mse,r2,mae,var
19.24846025577003,370.5032222179584,-423.0167130702396,15.26328702479087,387.8924038799507
