rmse,mse,r2,mae,var
26.949438703666246,726.2722464426641,0.3992160012524534,20.10610875624084,457.0110708744306
