rmse,mse,r2,mae,var
0.0006504763150289934,4.231194364136983e-07,0.99999999970514,0.0004621479935167372,1434.9583007942445
