rmse,mse,r2,mae,var
4.488375768225802,20.14551703679655,0.9776203900488175,3.0789028137482495,937.2753847987611
