rmse,mse,r2,mae,var
27.03637162482004,730.9653906353741,0.3955350264414521,20.15436739291932,463.8051907421555
