accuracy,precisionByLabel,recallByLabel,f1,auc,confusion_matrix
0.9767158992180712,0.9801781097385809,0.9813057233247052,0.9767123617020839,0.975507997746637,"[[3412.   65.]
 [  69. 2209.]]"
