accuracy,precisionByLabel,recallByLabel,f1,auc,confusion_matrix
0.9781059947871417,0.980498996271867,0.9833189531205062,0.978097633688942,0.9767341034259247,"[[3419.   58.]
 [  68. 2210.]]"
