accuracy,precisionByLabel,recallByLabel,f1,auc,confusion_matrix
0.9772371850564726,0.9815774323546345,0.9807305148116192,0.9772397623359845,0.97631784739703,"[[3410.   67.]
 [  64. 2214.]]"
