Feature,Accuracy Gain
scaled_TotalOutOfRange,850.0108032226562
scaled_Max,545.8157958984375
scaled_Median,132.46644592285156
scaled_CountBelow,123.76689910888672
scaled_CountAbove,103.40607452392578
scaled_StdFirstDiff,90.35829162597656
scaled_StdDev,66.6195068359375
scaled_Min,60.15711212158203
scaled_StdSecDiff,56.642276763916016
scaled_AvgSecDiff,42.101226806640625
scaled_AvgFirstDiff,30.279029846191406
scaled_Mean,20.66162872314453
