accuracy,precisionByLabel,recallByLabel,f1,auc,confusion_matrix
0.9761863675582398,0.9794579172610557,0.9811374678479565,0.9761809895308522,0.9748892914152675,"[[3433.   66.]
 [  72. 2224.]]"
