accuracy,precisionByLabel,recallByLabel,f1,auc,confusion_matrix
0.9765314926660914,0.9800171281758493,0.9811374678479565,0.9765279656518455,0.9753248314849539,"[[3433.   66.]
 [  70. 2226.]]"
