accuracy,precisionByLabel,recallByLabel,f1,auc,confusion_matrix
0.9767040552200172,0.9797490017113519,0.9817090597313518,0.9766979117144114,0.9753928573918083,"[[3435.   64.]
 [  71. 2225.]]"
